{"cameraMode":{"drawMode":0,"name":"Shaded","section":"Shading Mode"},"sceneLighting":true,"audioPlay":false,"sceneViewState":{"showFog":true,"showMaterialUpdate":true,"showSkybox":true,"showFlares":true,"showImageEffects":true,"showParticleSystems":true},"in2DMode":false,"pivot":{"x":165.79904174804688,"y":-61.76763153076172,"z":259.9500732421875},"rotation":{"x":0.036724384874105456,"y":-0.8647593259811401,"z":0.4967447817325592,"w":0.06393291056156159},"size":83.4124755859375,"orthographic":false}