{"cameraMode":{"drawMode":0,"name":"Shaded","section":"Shading Mode"},"sceneLighting":false,"audioPlay":false,"sceneViewState":{"showFog":true,"showMaterialUpdate":true,"showSkybox":true,"showFlares":true,"showImageEffects":true,"showParticleSystems":true},"in2DMode":false,"pivot":{"x":1.8380215167999268,"y":-0.22103440761566163,"z":3.5692644119262697},"rotation":{"x":0.23405234515666963,"y":0.20523886382579804,"z":-0.05061928555369377,"w":0.9489647746086121},"size":3.778656244277954,"orthographic":false}