{"cameraMode":{"drawMode":0,"name":"Shaded","section":"Shading Mode"},"sceneLighting":false,"audioPlay":false,"sceneViewState":{"showFog":true,"showMaterialUpdate":true,"showSkybox":true,"showFlares":true,"showImageEffects":true,"showParticleSystems":true},"in2DMode":false,"pivot":{"x":10.626202583312989,"y":-6.095113754272461,"z":-1.3059978485107422},"rotation":{"x":-0.02932179532945156,"y":-0.923132598400116,"z":0.37656310200691225,"w":-0.07187936455011368},"size":81.02117919921875,"orthographic":false}