{"cameraMode":{"drawMode":0,"name":"Shaded","section":"Shading Mode"},"sceneLighting":true,"audioPlay":false,"sceneViewState":{"showFog":true,"showMaterialUpdate":true,"showSkybox":true,"showFlares":true,"showImageEffects":true,"showParticleSystems":true},"in2DMode":false,"pivot":{"x":169.6217041015625,"y":-36.4732780456543,"z":252.69137573242188},"rotation":{"x":0.010095689445734024,"y":-0.9287238717079163,"z":0.36976614594459536,"w":0.025357795879244806},"size":78.60140991210938,"orthographic":false}