{"cameraMode":{"drawMode":0,"name":"Shaded","section":"Shading Mode"},"sceneLighting":true,"audioPlay":false,"sceneViewState":{"showFog":true,"showMaterialUpdate":true,"showSkybox":true,"showFlares":true,"showImageEffects":true,"showParticleSystems":true},"in2DMode":false,"pivot":{"x":1.941033959388733,"y":-2.0394225120544435,"z":-3.7886319160461427},"rotation":{"x":0.0629395842552185,"y":0.912517249584198,"z":-0.37382742762565615,"w":0.15363602340221406},"size":5.957480430603027,"orthographic":false}