{"cameraMode":{"drawMode":2,"name":"Shaded Wireframe","section":"Shading Mode"},"sceneLighting":true,"audioPlay":false,"sceneViewState":{"showFog":true,"showMaterialUpdate":true,"showSkybox":true,"showFlares":true,"showImageEffects":true,"showParticleSystems":true},"in2DMode":false,"pivot":{"x":167.53347778320313,"y":-25.70107650756836,"z":264.88623046875},"rotation":{"x":0.01640385203063488,"y":-0.9208589792251587,"z":0.3875962495803833,"w":0.038972143083810809},"size":46.786312103271487,"orthographic":false}