{"cameraMode":{"drawMode":0,"name":"Shaded","section":"Shading Mode"},"sceneLighting":true,"audioPlay":false,"sceneViewState":{"showFog":true,"showMaterialUpdate":true,"showSkybox":true,"showFlares":true,"showImageEffects":true,"showParticleSystems":true},"in2DMode":false,"pivot":{"x":-0.6382713317871094,"y":-10.498363494873047,"z":-8.382393836975098},"rotation":{"x":0.32306647300720217,"y":0.6750442981719971,"z":-0.43727925419807436,"w":0.4987286329269409},"size":33.69745635986328,"orthographic":false}