{"cameraMode":{"drawMode":0,"name":"Shaded","section":"Shading Mode"},"sceneLighting":true,"audioPlay":false,"sceneViewState":{"showFog":true,"showMaterialUpdate":true,"showSkybox":true,"showFlares":true,"showImageEffects":true,"showParticleSystems":true},"in2DMode":false,"pivot":{"x":167.98854064941407,"y":4.409799098968506,"z":297.1734924316406},"rotation":{"x":-0.0396961010992527,"y":-0.9291664958000183,"z":0.3522966206073761,"w":-0.10469503700733185},"size":16.586275100708009,"orthographic":false}