{"cameraMode":{"drawMode":0,"name":"Shaded","section":"Shading Mode"},"sceneLighting":false,"audioPlay":false,"sceneViewState":{"showFog":true,"showMaterialUpdate":true,"showSkybox":true,"showFlares":true,"showImageEffects":true,"showParticleSystems":true},"in2DMode":false,"pivot":{"x":4.944842338562012,"y":-6.17921257019043,"z":-2.1128196716308595},"rotation":{"x":-0.02932179532945156,"y":-0.923132598400116,"z":0.37656310200691225,"w":-0.07187936455011368},"size":31.592735290527345,"orthographic":false}