{"cameraMode":{"drawMode":0,"name":"Shaded","section":"Shading Mode"},"sceneLighting":false,"audioPlay":false,"sceneViewState":{"showFog":true,"showMaterialUpdate":true,"showSkybox":true,"showFlares":true,"showImageEffects":true,"showParticleSystems":true},"in2DMode":false,"pivot":{"x":6.839004993438721,"y":-9.294595718383789,"z":1.270127296447754},"rotation":{"x":-0.02932179532945156,"y":-0.923132598400116,"z":0.37656310200691225,"w":-0.07187936455011368},"size":26.74684715270996,"orthographic":false}