{"cameraMode":{"drawMode":0,"name":"Shaded","section":"Shading Mode"},"sceneLighting":true,"audioPlay":false,"sceneViewState":{"showFog":true,"showMaterialUpdate":true,"showSkybox":true,"showFlares":true,"showImageEffects":true,"showParticleSystems":true},"in2DMode":false,"pivot":{"x":167.60861206054688,"y":0.02813577651977539,"z":293.5514831542969},"rotation":{"x":-0.007790493778884411,"y":-0.9442055821418762,"z":0.32850247621536257,"w":-0.022389309480786325},"size":5.524211406707764,"orthographic":false}