{"cameraMode":{"drawMode":0,"name":"Shaded","section":"Shading Mode"},"sceneLighting":false,"audioPlay":false,"sceneViewState":{"showFog":true,"showMaterialUpdate":true,"showSkybox":true,"showFlares":true,"showImageEffects":true,"showParticleSystems":true},"in2DMode":false,"pivot":{"x":15.41129207611084,"y":1.0552539825439454,"z":1.840102195739746},"rotation":{"x":-0.001291417982429266,"y":-0.8791021704673767,"z":0.4766257107257843,"w":-0.0023799624759703876},"size":22.518314361572267,"orthographic":false}