{"cameraMode":{"drawMode":0,"name":"Shaded","section":"Shading Mode"},"sceneLighting":true,"audioPlay":false,"sceneViewState":{"showFog":true,"showMaterialUpdate":true,"showSkybox":true,"showFlares":true,"showImageEffects":true,"showParticleSystems":true},"in2DMode":false,"pivot":{"x":180.9817352294922,"y":5.24464225769043,"z":291.44989013671877},"rotation":{"x":0.2207772433757782,"y":-0.7225106358528137,"z":0.2665227949619293,"w":0.5984992980957031},"size":11.875733375549317,"orthographic":false}