{"cameraMode":{"drawMode":0,"name":"Shaded","section":"Shading Mode"},"sceneLighting":true,"audioPlay":false,"sceneViewState":{"showFog":true,"showMaterialUpdate":true,"showSkybox":true,"showFlares":true,"showImageEffects":true,"showParticleSystems":true},"in2DMode":false,"pivot":{"x":176.548095703125,"y":-62.090938568115237,"z":258.9125061035156},"rotation":{"x":0.036724384874105456,"y":-0.8647593259811401,"z":0.4967447817325592,"w":0.06393291056156159},"size":92.01461029052735,"orthographic":false}