{"cameraMode":{"drawMode":0,"name":"Shaded","section":"Shading Mode"},"sceneLighting":true,"audioPlay":false,"sceneViewState":{"showFog":true,"showMaterialUpdate":true,"showSkybox":true,"showFlares":true,"showImageEffects":true,"showParticleSystems":true},"in2DMode":false,"pivot":{"x":170.40829467773438,"y":-11.094666481018067,"z":271.02777099609377},"rotation":{"x":0.013705107383430004,"y":-0.9742908477783203,"z":0.21623212099075318,"w":0.06175106391310692},"size":49.201080322265628,"orthographic":false}