{"cameraMode":{"drawMode":0,"name":"Shaded","section":"Shading Mode"},"sceneLighting":true,"audioPlay":false,"sceneViewState":{"showFog":true,"showMaterialUpdate":true,"showSkybox":true,"showFlares":true,"showImageEffects":true,"showParticleSystems":true},"in2DMode":false,"pivot":{"x":171.929931640625,"y":-0.06083369255065918,"z":292.052978515625},"rotation":{"x":-0.006835297681391239,"y":-0.9066184163093567,"z":0.4216400980949402,"w":-0.014695202000439167},"size":11.790355682373047,"orthographic":false}