{"cameraMode":{"drawMode":0,"name":"Shaded","section":"Shading Mode"},"sceneLighting":true,"audioPlay":false,"sceneViewState":{"showFog":true,"showMaterialUpdate":true,"showSkybox":true,"showFlares":true,"showImageEffects":true,"showParticleSystems":true},"in2DMode":false,"pivot":{"x":168.10061645507813,"y":-17.46559715270996,"z":278.9097900390625},"rotation":{"x":0.0017689639935269952,"y":-0.9292767643928528,"z":0.3693532943725586,"w":0.004452737979590893},"size":38.04146194458008,"orthographic":false}