{"cameraMode":{"drawMode":0,"name":"Shaded","section":"Shading Mode"},"sceneLighting":true,"audioPlay":false,"sceneViewState":{"showFog":true,"showMaterialUpdate":true,"showSkybox":true,"showFlares":true,"showImageEffects":true,"showParticleSystems":true},"in2DMode":false,"pivot":{"x":-0.7053391933441162,"y":-2.858393669128418,"z":8.64945125579834},"rotation":{"x":-0.1945132166147232,"y":-0.5386090278625488,"z":0.12941808998584748,"w":-0.8095158338546753},"size":9.22872543334961,"orthographic":false}