{"cameraMode":{"drawMode":0,"name":"Shaded","section":"Shading Mode"},"sceneLighting":false,"audioPlay":false,"sceneViewState":{"showFog":true,"showMaterialUpdate":true,"showSkybox":true,"showFlares":true,"showImageEffects":true,"showParticleSystems":true},"in2DMode":false,"pivot":{"x":9.10975456237793,"y":-4.505495548248291,"z":0.49317169189453127},"rotation":{"x":0.032010048627853397,"y":-0.9417643547058106,"z":0.32133063673973086,"w":0.09381835162639618},"size":45.030494689941409,"orthographic":false}