{"cameraMode":{"drawMode":0,"name":"Shaded","section":"Shading Mode"},"sceneLighting":true,"audioPlay":false,"sceneViewState":{"showFog":true,"showMaterialUpdate":true,"showSkybox":true,"showFlares":true,"showImageEffects":true,"showParticleSystems":true},"in2DMode":false,"pivot":{"x":187.57626342773438,"y":-51.52021026611328,"z":246.83193969726563},"rotation":{"x":-0.028288129717111589,"y":-0.9163843393325806,"z":0.39383670687675478,"w":-0.06582034379243851},"size":78.60140991210938,"orthographic":false}