{"cameraMode":{"drawMode":0,"name":"Shaded","section":"Shading Mode"},"sceneLighting":false,"audioPlay":false,"sceneViewState":{"showFog":true,"showMaterialUpdate":true,"showSkybox":true,"showFlares":true,"showImageEffects":true,"showParticleSystems":true},"in2DMode":false,"pivot":{"x":2.0406808853149416,"y":-1.1784204244613648,"z":0.45539116859436037},"rotation":{"x":0.06900763511657715,"y":-0.9287129044532776,"z":0.289130836725235,"w":0.22166137397289277},"size":5.278656959533691,"orthographic":false}